date_utc,tld,count,sector,share_pct,cadence,is_estimate,status
2026-05-30,xyz,7824673,other,57.11437227732803,core,False,ok
2026-05-30,vip,1745299,other,12.739402249940458,rolling,False,ok
2026-05-30,app,1336509,ai_tech,9.755535161405392,core,False,ok
2026-05-30,lol,875991,other,6.394091623456835,rolling,False,ok
2026-05-30,dev,672441,ai_tech,4.90832595924951,core,False,ok
2026-05-30,work,339902,other,2.4810352286681314,rolling,False,ok
2026-05-30,run,131229,other,0.9578754229833606,rolling,False,ok
2026-05-30,win,127766,other,0.9325980636360259,rolling,False,ok
2026-05-30,media,93168,other,0.6800580466856696,rolling,False,ok
2026-05-30,ovh,82307,other,0.6007807149295618,rolling,False,ok
2026-05-30,games,66069,other,0.48225522804477394,rolling,False,ok
2026-05-30,zone,46378,other,0.338525374476086,rolling,False,ok
2026-05-30,business,35420,other,0.25854001388466447,rolling,False,ok
2026-05-30,family,35144,other,0.2565254163738749,rolling,False,ok
2026-05-30,community,24657,other,0.17997801023021373,rolling,False,ok
2026-05-30,law,23228,other,0.16954735862543718,rolling,False,ok
2026-05-30,land,20749,other,0.15145247736004808,rolling,False,ok
2026-05-30,guide,19340,other,0.14116781108214033,rolling,False,ok
2026-05-30,clinic,18191,other,0.1327809540535271,rolling,False,ok
2026-05-30,wine,17940,other,0.13094883820132355,rolling,False,ok
2026-05-30,xn--io0a7i,15404,other,0.1124378987543583,rolling,False,ok
2026-05-30,gold,15026,other,0.10967877607653777,rolling,False,ok
2026-05-30,courses,14129,other,0.10313133416647159,rolling,False,ok
2026-05-30,fitness,13113,other,0.09571527956153598,rolling,False,ok
2026-05-30,delivery,12908,other,0.09421892996113068,rolling,False,ok
2026-05-30,miami,12114,other,0.08842331248443887,rolling,False,ok
2026-05-30,management,12096,other,0.08829192569025694,rolling,False,ok
2026-05-30,construction,9315,other,0.06799266598914877,rolling,False,ok
2026-05-30,coop,8250,other,0.06021894733338458,rolling,False,ok
2026-05-30,taxi,6734,other,0.049153259556728696,rolling,False,ok
2026-05-30,pink,6538,other,0.04772260335341434,rolling,False,ok
2026-05-30,markets,5885,other,0.04295618243114766,rolling,False,ok
2026-05-30,sydney,5789,other,0.04225545286217737,rolling,False,ok
2026-05-30,vlaanderen,5140,other,0.03751822900528445,rolling,False,ok
2026-05-30,cologne,3877,other,0.02829925561351903,rolling,False,ok
2026-05-30,mortgage,3703,other,0.027029183269760372,rolling,False,ok
2026-05-30,camera,3123,other,0.02279560879056485,rolling,False,ok
2026-05-30,xn--vhquv,2773,other,0.020240865570360658,rolling,False,ok
2026-05-30,yun,2451,other,0.0178905018077728,rolling,False,ok
2026-05-30,cruises,2174,other,0.015868605030639766,rolling,False,ok
2026-05-30,zuerich,1287,other,0.009394155784007993,rolling,False,ok
2026-05-30,guitars,585,other,0.004270070810912724,rolling,False,ok
2026-05-30,fox,307,other,0.0022408747674362503,rolling,False,ok
2026-05-30,amazon,235,other,0.0017153275907085303,rolling,False,ok
2026-05-30,discover,101,other,0.000737225900687496,rolling,False,ok
2026-05-30,tui,99,other,0.0007226273680006149,rolling,False,ok
2026-05-30,prudential,65,other,0.0004744523123236361,rolling,False,ok
2026-05-30,philips,60,other,0.00043795598060643326,rolling,False,ok
2026-05-30,mlb,48,other,0.0003503647844851466,rolling,False,ok
2026-05-30,vig,42,other,0.0003065691864245033,rolling,False,ok
