date_utc,tld,vol7,vol30,valid_days_30,is_estimate,data_quality
2026-05-25,abogado,,,4,False,ok
2026-05-25,aig,,,6,False,ok
2026-05-25,analytics,,,0,False,ok
2026-05-25,app,0.056724447117845564,,14,False,ok
2026-05-25,arab,,,6,False,ok
2026-05-25,audi,,,3,False,ok
2026-05-25,audio,,,6,False,ok
2026-05-25,author,,,0,False,ok
2026-05-25,bank,,,0,False,ok
2026-05-25,barclaycard,,,6,False,ok
2026-05-25,barclays,,,6,False,ok
2026-05-25,blog,,,6,False,ok
2026-05-25,bmw,,,6,False,ok
2026-05-25,bosch,,,6,False,ok
2026-05-25,broker,,,6,False,ok
2026-05-25,cab,,,6,False,ok
2026-05-25,capetown,,,0,False,ok
2026-05-25,cbn,,,6,False,ok
2026-05-25,circle,,,0,False,ok
2026-05-25,click,,,6,False,ok
2026-05-25,clinique,,,6,False,ok
2026-05-25,clubmed,,,6,False,ok
2026-05-25,corsica,,,6,False,ok
2026-05-25,creditunion,,,6,False,ok
2026-05-25,datsun,,,0,False,ok
2026-05-25,degree,,,6,False,ok
2026-05-25,delta,,,6,False,ok
2026-05-25,dentist,,,6,False,ok
2026-05-25,dev,0.03225024664155714,,14,False,ok
2026-05-25,dubai,,,0,False,ok
2026-05-25,eat,,,6,False,ok
2026-05-25,engineering,,,6,False,ok
2026-05-25,fashion,,,4,False,ok
2026-05-25,fly,,,6,False,ok
2026-05-25,ford,,,0,False,ok
2026-05-25,forex,,,6,False,ok
2026-05-25,frontier,,,3,False,ok
2026-05-25,fund,,,6,False,ok
2026-05-25,google,,,6,False,ok
2026-05-25,gop,,,6,False,ok
2026-05-25,hdfc,,,6,False,ok
2026-05-25,help,,,6,False,suspicious
2026-05-25,hiphop,,,6,False,ok
2026-05-25,homes,,,6,False,ok
2026-05-25,honda,,,6,False,ok
2026-05-25,ifm,,,6,False,ok
2026-05-25,insurance,,,0,False,ok
2026-05-25,ist,,,6,False,ok
2026-05-25,jewelry,,,6,False,ok
2026-05-25,jmp,,,0,False,ok
2026-05-25,legal,,,6,False,ok
2026-05-25,lincoln,,,0,False,ok
2026-05-25,llc,,,6,False,ok
2026-05-25,loans,,,6,False,ok
2026-05-25,man,,,6,False,ok
2026-05-25,marketing,,,6,False,ok
2026-05-25,mini,,,6,False,ok
2026-05-25,mit,,,3,False,ok
2026-05-25,motorcycles,,,6,False,ok
2026-05-25,nike,,,0,False,ok
2026-05-25,nissay,,,6,False,ok
2026-05-25,nowruz,,,6,False,ok
2026-05-25,onl,,,0,False,ok
2026-05-25,online,,,6,False,ok
2026-05-25,pay,,,0,False,ok
2026-05-25,pfizer,,,6,False,ok
2026-05-25,photos,,,6,False,ok
2026-05-25,pid,,,6,False,ok
2026-05-25,prod,,,6,False,ok
2026-05-25,recipes,,,6,False,ok
2026-05-25,rentals,,,6,False,ok
2026-05-25,rwe,,,6,False,ok
2026-05-25,sas,,,0,False,ok
2026-05-25,schwarz,,,6,False,ok
2026-05-25,sew,,,0,False,ok
2026-05-25,softbank,,,6,False,ok
2026-05-25,studio,,,6,False,ok
2026-05-25,surf,,,4,False,ok
2026-05-25,thd,,,6,False,ok
2026-05-25,tjx,,,3,False,ok
2026-05-25,trv,,,6,False,ok
2026-05-25,visa,,,6,False,ok
2026-05-25,whoswho,,,6,False,ok
2026-05-25,woodside,,,6,False,ok
2026-05-25,xn--1qqw23a,,,0,False,ok
2026-05-25,xn--d1acj3b,,,0,False,ok
2026-05-25,xn--efvy88h,,,0,False,ok
2026-05-25,xn--fiq228c5hs,,,0,False,ok
2026-05-25,xn--gckr3f0f,,,0,False,ok
2026-05-25,xn--gk3at1e,,,0,False,ok
2026-05-25,xn--pssy2u,,,0,False,ok
2026-05-25,xn--tiq49xqyj,,,4,False,ok
2026-05-25,xn--xhq521b,,,0,False,ok
2026-05-25,xyz,0.012592677249717204,,14,False,ok
