date_utc,tld,count,delta_abs,delta_pct,accel_abs,is_estimate,data_quality,leaderboard
2026-02-26,xyz,8109216,42205.0,0.0052318014689703,26813.0,False,ok,top_abs_growers
2026-02-26,app,1089801,3613.0,0.0033263118355201,1720.0,False,ok,top_abs_growers
2026-02-26,dev,598447,904.0,0.0015128618358846,-76.0,False,ok,top_abs_growers
2026-02-26,xyz,8109216,42205.0,0.0052318014689703,26813.0,False,ok,top_pct_growers
2026-02-26,app,1089801,3613.0,0.0033263118355201,1720.0,False,ok,top_pct_growers
2026-02-26,dev,598447,904.0,0.0015128618358846,-76.0,False,ok,top_pct_growers
2026-02-26,dev,598447,904.0,0.0015128618358846,-76.0,False,ok,top_abs_decliners
2026-02-26,app,1089801,3613.0,0.0033263118355201,1720.0,False,ok,top_abs_decliners
2026-02-26,xyz,8109216,42205.0,0.0052318014689703,26813.0,False,ok,top_abs_decliners
