date_utc,tld,count,prev_date_utc,days_since_prev,delta_abs,delta_pct,cadence,status,is_estimate,data_quality
2026-08-06,buzz,229387,2026-05-28,70,57667.0,0.3358199394362916,rolling,ok,False,suspicious
2026-08-06,club,543610,2026-05-28,70,20749.0,0.0396835870336475,rolling,ok,False,ok
2026-08-06,pics,108868,2026-05-28,70,12838.0,0.1336873893574924,rolling,ok,False,ok
2026-08-06,news,76336,2026-05-28,70,2698.0,0.0366386919796844,rolling,ok,False,ok
2026-08-06,works,37633,2026-05-28,70,2451.0,0.0696663066340742,rolling,ok,False,ok
2026-08-06,africa,59219,2026-05-28,70,2440.0,0.0429736346184328,rolling,ok,False,ok
2026-08-06,energy,28296,2026-05-28,70,834.0,0.0303692374918068,rolling,ok,False,ok
2026-08-06,show,18619,2026-05-28,70,776.0,0.0434904444319901,rolling,ok,False,ok
2026-08-06,video,24774,2026-05-28,70,-731.0,-0.0286610468535581,rolling,ok,False,ok
2026-08-06,gay,18050,2026-05-28,70,567.0,0.032431504890465,rolling,ok,False,ok
2026-08-06,design,113982,2026-05-28,70,-444.0,-0.0038802370090713,rolling,ok,False,ok
2026-08-06,tours,12997,2026-05-28,70,319.0,0.0251616974286165,rolling,ok,False,ok
2026-08-06,cash,19268,2026-05-28,70,314.0,0.0165664239738313,rolling,ok,False,ok
2026-08-06,vet,11619,2026-05-28,70,256.0,0.0225292616386517,rolling,ok,False,ok
2026-08-06,cat,115665,2026-05-28,70,220.0,0.0019056693663649,rolling,ok,False,ok
2026-08-06,how,3578,2026-05-28,70,216.0,0.0642474717430101,rolling,ok,False,ok
2026-08-06,parts,7400,2026-05-28,70,208.0,0.028921023359288,rolling,ok,False,ok
2026-08-06,fish,5827,2026-05-28,70,194.0,0.0344399076868453,rolling,ok,False,ok
2026-08-06,estate,11283,2026-05-28,70,192.0,0.0173113335136597,rolling,ok,False,ok
2026-08-06,aero,13613,2026-05-28,70,189.0,0.0140792610250297,rolling,ok,False,ok
2026-08-06,boo,3532,2026-05-28,70,152.0,0.0449704142011834,rolling,ok,False,ok
2026-08-06,trading,5101,2026-05-28,70,121.0,0.02429718875502,rolling,ok,False,ok
2026-08-06,soy,1810,2026-05-28,70,103.0,0.060339777387229,rolling,ok,False,ok
2026-08-06,esq,2344,2026-05-28,70,89.0,0.0394678492239467,rolling,ok,False,ok
2026-08-06,lawyer,8205,2026-05-28,70,68.0,0.0083568882880668,rolling,ok,False,ok
2026-08-06,holiday,3799,2026-05-28,70,-68.0,-0.0175846909749159,rolling,ok,False,ok
2026-08-06,channel,2975,2026-05-28,70,-59.0,-0.0194462755438365,rolling,ok,False,ok
2026-08-06,bible,1453,2026-05-28,70,54.0,0.0385989992852037,rolling,ok,False,ok
2026-08-06,pharmacy,1157,2026-05-28,70,37.0,0.0330357142857142,rolling,ok,False,ok
2026-08-06,new,2062,2026-05-28,70,27.0,0.0132678132678132,rolling,ok,False,ok
2026-08-06,black,5859,2026-05-28,70,-23.0,-0.0039102346140768,rolling,ok,False,ok
2026-08-06,voyage,3583,2026-05-28,70,-12.0,-0.0033379694019471,rolling,ok,False,ok
2026-08-06,juegos,476,2026-05-28,70,7.0,0.0149253731343283,rolling,ok,False,ok
2026-08-06,bayern,27954,2026-05-28,70,-6.0,-0.0002145922746781,rolling,ok,False,ok
2026-08-06,kyoto,959,2026-05-28,70,-3.0,-0.0031185031185031,rolling,ok,False,ok
2026-08-06,xn--ngbc5azd,416,2026-05-28,70,3.0,0.0072639225181598,rolling,ok,False,ok
2026-08-06,abudhabi,908,2026-05-28,70,-2.0,-0.0021978021978021,rolling,ok,False,ok
2026-08-06,protection,102,2026-05-28,70,1.0,0.0099009900990099,rolling,ok,False,ok
2026-08-06,cba,84,2026-05-28,70,1.0,0.0120481927710843,rolling,ok,False,ok
2026-08-06,canon,73,2026-05-28,70,-1.0,-0.0135135135135135,rolling,ok,False,ok
2026-08-06,volvo,5,2026-05-28,70,1.0,0.25,rolling,ok,False,ok
2026-08-06,car,300,2026-05-28,70,0.0,0.0,rolling,ok,False,ok
2026-08-06,pru,75,2026-05-28,70,0.0,0.0,rolling,ok,False,ok
2026-08-06,marriott,54,2026-05-28,70,0.0,0.0,rolling,ok,False,ok
2026-08-06,trust,51,2026-05-28,70,0.0,0.0,rolling,ok,False,ok
2026-08-06,ipiranga,38,2026-05-28,70,0.0,0.0,rolling,ok,False,ok
2026-08-06,sap,32,2026-05-28,70,0.0,0.0,rolling,ok,False,ok
2026-08-06,hitachi,16,2026-05-28,70,0.0,0.0,rolling,ok,False,ok
2026-08-06,amex,9,2026-05-28,70,0.0,0.0,rolling,ok,False,ok
2026-08-06,chanel,5,2026-05-28,70,0.0,0.0,rolling,ok,False,ok
2026-08-06,grainger,5,2026-05-28,70,0.0,0.0,rolling,ok,False,ok
2026-08-06,play,5,2026-05-28,70,0.0,0.0,rolling,ok,False,ok
2026-08-06,yahoo,5,2026-05-28,70,0.0,0.0,rolling,ok,False,ok
2026-08-06,jaguar,4,2026-05-28,70,0.0,0.0,rolling,ok,False,ok
2026-08-06,nokia,4,2026-05-28,70,0.0,0.0,rolling,ok,False,ok
2026-08-06,caravan,2,2026-05-28,70,0.0,0.0,rolling,ok,False,ok
2026-08-06,hdfcbank,2,2026-05-28,70,0.0,0.0,rolling,ok,False,ok
2026-08-06,hughes,2,2026-05-28,70,0.0,0.0,rolling,ok,False,ok
2026-08-06,star,2,2026-05-28,70,0.0,0.0,rolling,ok,False,ok
2026-08-06,cal,1,2026-05-28,70,0.0,0.0,rolling,ok,False,ok
2026-08-06,goldpoint,1,2026-05-28,70,0.0,0.0,rolling,ok,False,ok
2026-08-06,hotels,1,2026-05-28,70,0.0,0.0,rolling,ok,False,ok
2026-08-06,intuit,1,2026-05-28,70,0.0,0.0,rolling,ok,False,ok
2026-08-06,jot,1,2026-05-28,70,0.0,0.0,rolling,ok,False,ok
2026-08-06,sina,1,2026-05-28,70,0.0,0.0,rolling,ok,False,ok
2026-08-06,xn--30rr7y,1,2026-05-28,70,0.0,0.0,rolling,ok,False,ok
2026-08-06,xn--cckwcxetd,1,2026-05-28,70,0.0,0.0,rolling,ok,False,ok
2026-08-06,xn--eckvdtc9d,1,2026-05-28,70,0.0,0.0,rolling,ok,False,ok
2026-08-06,xn--fzys8d69uvgm,1,2026-05-28,70,0.0,0.0,rolling,ok,False,ok
2026-08-06,xn--zfr164b,1,2026-05-28,70,0.0,0.0,rolling,ok,False,ok
2026-08-06,yamaxun,1,2026-05-28,70,0.0,0.0,rolling,ok,False,ok
