date_utc,sector,sector_count,sector_delta_abs,sector_delta_pct,member_tlds_count,notes
2026-02-24,ai_tech,2907992,,,6,
2026-02-24,commerce,2124928,,,4,
2026-02-24,finance,60936,,,3,
2026-02-24,geo_local,96542,,,3,
2026-02-24,media_social,1009377,,,4,
2026-02-24,other,47318217,,,818,
2026-02-25,ai_tech,2914084,6092.0,0.0020949163546529702,6,
2026-02-25,commerce,2124937,9.0,4.235437624239504e-06,4,
2026-02-25,finance,60944,8.0,0.0001312852829197847,3,
2026-02-25,geo_local,96547,5.0,5.179093037227321e-05,3,
2026-02-25,media_social,1009628,251.0,0.00024866823793290316,4,
2026-02-25,other,53261511,5943294.0,0.1256026616556579,831,
