date_utc,tld,count,is_estimate,source,fetched_at_utc,notes,count_mode,count_ds_sld,count_glue_hosts,count_ns_rr,bytes_downloaded,fetch_seconds,status,error,cadence
2026-06-02,alibaba,18,false,czds_zone,2026-06-02T03:46:43.290803+00:00,,ns_sld_exact,1,8,42,2868,0.141,ok,,rolling
2026-06-02,amsterdam,18108,false,czds_zone,2026-06-02T03:46:43.292249+00:00,,ns_sld_exact,2644,7,42331,2999464,1.025,ok,,rolling
2026-06-02,aol,1,false,czds_zone,2026-06-02T03:46:43.293060+00:00,,ns_sld_exact,0,4,8,1793,0.246,ok,,rolling
2026-06-02,app,1343725,false,czds_zone,2026-06-02T03:46:43.434286+00:00,,ns_sld_exact,100059,3153,3298581,294910188,81.691,ok,,core
2026-06-02,beer,130218,false,czds_zone,2026-06-02T03:46:43.540201+00:00,,ns_sld_exact,22292,65,268093,12344221,6.04,ok,,rolling
2026-06-02,best,42815,false,czds_zone,2026-06-02T03:46:44.317322+00:00,,ns_sld_exact,4538,289,95674,2526840,1.018,ok,,rolling
2026-06-02,bostik,38,false,czds_zone,2026-06-02T03:46:45.336617+00:00,,ns_sld_exact,2,0,80,2082,0.061,ok,,rolling
2026-06-02,bot,21827,false,czds_zone,2026-06-02T03:46:45.398384+00:00,,ns_sld_exact,1353,42,50770,1258932,0.399,ok,,rolling
2026-06-02,build,10384,false,czds_zone,2026-06-02T03:46:45.799008+00:00,,ns_sld_exact,359,22,24624,342151,0.223,ok,,rolling
2026-06-02,builders,6034,false,czds_zone,2026-06-02T03:46:46.023125+00:00,,ns_sld_exact,437,44,15703,286523,0.146,ok,,rolling
2026-06-02,call,1,false,czds_zone,2026-06-02T03:46:46.169595+00:00,,ns_sld_exact,1,9,16,4692,0.137,ok,,rolling
2026-06-02,cbre,1,false,czds_zone,2026-06-02T03:46:46.307835+00:00,,ns_sld_exact,1,12,12,3612,0.141,ok,,rolling
2026-06-02,chat,53643,false,czds_zone,2026-06-02T03:46:46.449824+00:00,,ns_sld_exact,2868,476,124602,2025729,0.854,ok,,rolling
2026-06-02,christmas,13246,false,czds_zone,2026-06-02T03:46:47.304661+00:00,,ns_sld_exact,6193,16,27618,2188353,0.48,ok,,rolling
2026-06-02,chrome,2,false,czds_zone,2026-06-02T03:46:47.785685+00:00,,ns_sld_exact,0,0,13,2039,0.149,ok,,rolling
2026-06-02,cruise,1,false,czds_zone,2026-06-02T03:46:47.935268+00:00,,ns_sld_exact,1,4,8,2201,0.14,ok,,rolling
2026-06-02,dad,3458,false,czds_zone,2026-06-02T03:46:48.076610+00:00,,ns_sld_exact,499,14,9081,829863,0.45,ok,,rolling
2026-06-02,dev,674776,false,czds_zone,2026-06-02T03:46:48.527475+00:00,,ns_sld_exact,102007,2778,1762938,160019498,40.382,ok,,core
2026-06-02,dnp,2,false,czds_zone,2026-06-02T03:46:49.580990+00:00,,ns_sld_exact,0,0,9,2512,0.057,ok,,rolling
2026-06-02,enterprises,8855,false,czds_zone,2026-06-02T03:46:49.639166+00:00,,ns_sld_exact,761,115,23324,472204,0.203,ok,,rolling
2026-06-02,fairwinds,18,false,czds_zone,2026-06-02T03:46:49.844064+00:00,,ns_sld_exact,1,9,78,5140,0.07,ok,,rolling
2026-06-02,ferrari,1,false,czds_zone,2026-06-02T03:46:49.914590+00:00,,ns_sld_exact,1,4,8,2201,0.15,ok,,rolling
2026-06-02,forsale,3666,false,czds_zone,2026-06-02T03:46:50.065654+00:00,,ns_sld_exact,155,40,9613,130001,0.248,ok,,rolling
2026-06-02,game,7705,false,czds_zone,2026-06-02T03:46:50.314730+00:00,,ns_sld_exact,150,16,19096,795870,0.406,ok,,rolling
2026-06-02,gent,3724,false,czds_zone,2026-06-02T03:46:50.721540+00:00,,ns_sld_exact,1746,20,9539,511519,0.206,ok,,rolling
2026-06-02,global,67435,false,czds_zone,2026-06-02T03:46:50.928518+00:00,,ns_sld_exact,2730,676,163917,2254625,1.034,ok,,rolling
2026-06-02,golf,17751,false,czds_zone,2026-06-02T03:46:51.963589+00:00,,ns_sld_exact,833,89,42604,626291,0.532,ok,,rolling
2026-06-02,health,58202,false,czds_zone,2026-06-02T03:46:52.497008+00:00,,ns_sld_exact,4326,63,137342,2992182,1.002,ok,,rolling
2026-06-02,inc,7132,false,czds_zone,2026-06-02T03:46:53.500028+00:00,,ns_sld_exact,226,23,18373,215641,0.157,ok,,rolling
2026-06-02,investments,7170,false,czds_zone,2026-06-02T03:46:53.657703+00:00,,ns_sld_exact,587,28,18391,366835,0.189,ok,,rolling
2026-06-02,jcb,18,false,czds_zone,2026-06-02T03:46:53.847397+00:00,,ns_sld_exact,0,0,68,6139,0.063,ok,,rolling
2026-06-02,jpmorgan,74,false,czds_zone,2026-06-02T03:46:53.911345+00:00,,ns_sld_exact,2,8,350,5836,0.155,ok,,rolling
2026-06-02,jprs,30,false,czds_zone,2026-06-02T03:46:54.067725+00:00,,ns_sld_exact,19,84,107,10708,0.158,ok,,rolling
2026-06-02,juniper,1,false,czds_zone,2026-06-02T03:46:54.226596+00:00,,ns_sld_exact,1,4,8,2204,0.079,ok,,rolling
2026-06-02,kerryhotels,1,false,czds_zone,2026-06-02T03:46:54.307279+00:00,,ns_sld_exact,0,4,8,1813,0.076,ok,,rolling
2026-06-02,kindle,1,false,czds_zone,2026-06-02T03:46:54.384514+00:00,,ns_sld_exact,1,9,16,4698,0.158,ok,,rolling
2026-06-02,landrover,4,false,czds_zone,2026-06-02T03:46:54.543886+00:00,,ns_sld_exact,0,4,24,1908,0.153,ok,,rolling
2026-06-02,like,1,false,czds_zone,2026-06-02T03:46:54.698130+00:00,,ns_sld_exact,1,9,16,4683,0.158,ok,,rolling
2026-06-02,lincoln,3,false,czds_zone,2026-06-02T03:46:54.856985+00:00,,ns_sld_exact,1,12,22,3695,0.064,ok,,rolling
2026-06-02,locus,21,false,czds_zone,2026-06-02T03:46:54.921775+00:00,,ns_sld_exact,1,9,90,5509,0.064,ok,,rolling
2026-06-02,love,64007,false,czds_zone,2026-06-02T03:46:54.986435+00:00,,ns_sld_exact,2696,41,157328,1818372,1.536,ok,,rolling
2026-06-02,melbourne,4976,false,czds_zone,2026-06-02T03:46:56.523321+00:00,,ns_sld_exact,31,23,12738,107602,0.127,ok,,rolling
2026-06-02,netbank,5,false,czds_zone,2026-06-02T03:46:56.650951+00:00,,ns_sld_exact,1,12,26,3794,0.157,ok,,rolling
2026-06-02,pars,1,false,czds_zone,2026-06-02T03:46:56.808477+00:00,,ns_sld_exact,1,1,16,4498,0.078,ok,,rolling
2026-06-02,pictet,42,false,czds_zone,2026-06-02T03:46:56.886965+00:00,,ns_sld_exact,1,10,164,3177,0.158,ok,,rolling
2026-06-02,place,10104,false,czds_zone,2026-06-02T03:46:57.046487+00:00,,ns_sld_exact,1272,135,26582,692755,0.304,ok,,rolling
2026-06-02,porn,7681,false,czds_zone,2026-06-02T03:46:57.352248+00:00,,ns_sld_exact,208,27,21874,253227,0.431,ok,,rolling
2026-06-02,prof,816,false,czds_zone,2026-06-02T03:46:57.784638+00:00,,ns_sld_exact,142,0,2376,203350,0.125,ok,,rolling
2026-06-02,read,1,false,czds_zone,2026-06-02T03:46:57.910799+00:00,,ns_sld_exact,1,9,16,4695,0.156,ok,,rolling
2026-06-02,ren,12014,false,czds_zone,2026-06-02T03:46:58.067992+00:00,,ns_sld_exact,45,40,25188,2481464,0.5,ok,,rolling
2026-06-02,rocks,61231,false,czds_zone,2026-06-02T03:46:58.568585+00:00,,ns_sld_exact,3437,1079,157527,2503972,1.489,ok,,rolling
2026-06-02,ryukyu,587,false,czds_zone,2026-06-02T03:47:00.058665+00:00,,ns_sld_exact,7,4,1531,133696,0.096,ok,,rolling
2026-06-02,schaeffler,30,false,czds_zone,2026-06-02T03:47:00.155265+00:00,,ns_sld_exact,1,0,141,10142,0.066,ok,,rolling
2026-06-02,schmidt,35,false,czds_zone,2026-06-02T03:47:00.221656+00:00,,ns_sld_exact,1,12,80,4043,0.155,ok,,rolling
2026-06-02,science,11574,false,czds_zone,2026-06-02T03:47:00.377738+00:00,,ns_sld_exact,1049,46,30800,738281,0.624,ok,,rolling
2026-06-02,select,751,false,czds_zone,2026-06-02T03:47:01.002397+00:00,,ns_sld_exact,71,12,2181,52301,0.09,ok,,rolling
2026-06-02,site,1751081,false,czds_zone,2026-06-02T03:47:01.093252+00:00,,ns_sld_exact,37376,5646,3929904,37825323,28.533,ok,,rolling
2026-06-02,spot,1498,false,czds_zone,2026-06-02T03:47:28.911209+00:00,,ns_sld_exact,98,13,3636,95940,0.453,ok,,rolling
2026-06-02,stream,14648,false,czds_zone,2026-06-02T03:47:29.365275+00:00,,ns_sld_exact,1331,111,35392,910554,0.885,ok,,rolling
2026-06-02,swatch,8,false,czds_zone,2026-06-02T03:47:29.628127+00:00,,ns_sld_exact,1,9,44,4937,0.218,ok,,rolling
2026-06-02,taobao,1,false,czds_zone,2026-06-02T03:47:29.846520+00:00,,ns_sld_exact,1,4,8,2200,0.212,ok,,rolling
2026-06-02,tel,36765,false,czds_zone,2026-06-02T03:47:30.059515+00:00,,ns_sld_exact,481,173,133432,9045545,2.782,ok,,rolling
2026-06-02,xn--c1avg,748,false,czds_zone,2026-06-02T03:47:30.251499+00:00,,ns_sld_exact,5,15,1967,17775,0.249,ok,,rolling
2026-06-02,xn--fhbei,1,false,czds_zone,2026-06-02T03:47:30.502028+00:00,,ns_sld_exact,0,0,8,888,0.221,ok,,rolling
2026-06-02,xn--fjq720a,209,false,czds_zone,2026-06-02T03:47:30.723814+00:00,,ns_sld_exact,0,6,601,6165,0.214,ok,,rolling
2026-06-02,xn--ngbe9e0a,26,false,czds_zone,2026-06-02T03:47:30.938619+00:00,,ns_sld_exact,1,0,131,2116,0.223,ok,,rolling
2026-06-02,xyz,7841141,false,czds_zone,2026-06-02T03:47:31.162494+00:00,,ns_sld_exact,121174,7895,19528581,149281096,76.602,ok,,core
